{"fmus":{"{FMU-Plant}":"file:////Users/isme/Git/socis-2017/stage-1/vdm-ctrl-plant/FMUs/PlantFmu.fmu","{FMU-Controller}":"file:////Users/isme/Git/socis-2017/stage-1/vdm-ctrl-plant/FMUs/ControllerFmu.fmu"},"connections":{"{FMU-Plant}.FMU-PlantInstance.cbp":["{FMU-Controller}.FMU-ControllerInstance.mbp"],"{FMU-Plant}.FMU-PlantInstance.cip":["{FMU-Controller}.FMU-ControllerInstance.mip"],"{FMU-Plant}.FMU-PlantInstance.crp":["{FMU-Plant}.FMU-PlantInstance.mrp"],"{FMU-Controller}.FMU-ControllerInstance.cbp":["{FMU-Plant}.FMU-PlantInstance.mbp"],"{FMU-Controller}.FMU-ControllerInstance.cip":["{FMU-Plant}.FMU-PlantInstance.mip"],"{FMU-Controller}.FMU-ControllerInstance.crp":["{FMU-Plant}.FMU-PlantInstance.mrp"]},"parameters":{},"livestream":{"{FMU-Plant}.FMU-PlantInstance":["cbp","cip","crp","csp"],"{FMU-Controller}.FMU-ControllerInstance":["cbp","cip","crp"]},"visible":true,"loggingOn":true,"algorithm":{"type":"fixed-step","size":0.01},"multimodel_crc":"e627ef7b03cd9c5d3ce1ae438d8cd6bd","parallelSimulation":false,"stabalizationEnabled":false,"global_absolute_tolerance":0,"global_relative_tolerance":0.01,"simulationProgramDelay":false}