{"fmus":{"{DE-FMU}":"ControllerFmu.fmu","{CT-FMU}":"PlantFmu.fmu"},"connections":{"{DE-FMU}.DE-FMUInstance.cbp":["{CT-FMU}.CT-FMUInstance.mbp"],"{DE-FMU}.DE-FMUInstance.cip":["{CT-FMU}.CT-FMUInstance.mip"],"{DE-FMU}.DE-FMUInstance.crp":["{CT-FMU}.CT-FMUInstance.mrp"],"{DE-FMU}.DE-FMUInstance.csp":["{CT-FMU}.CT-FMUInstance.msp"],"{CT-FMU}.CT-FMUInstance.cbp":["{DE-FMU}.DE-FMUInstance.mbp"],"{CT-FMU}.CT-FMUInstance.cip":["{DE-FMU}.DE-FMUInstance.mip"],"{CT-FMU}.CT-FMUInstance.crp":["{DE-FMU}.DE-FMUInstance.mrp"],"{CT-FMU}.CT-FMUInstance.csp":["{DE-FMU}.DE-FMUInstance.msp"]},"parameters":{}}