time,step-size,{CT-FMU}.CT-FMUInstance.cbp,{CT-FMU}.CT-FMUInstance.cip,{CT-FMU}.CT-FMUInstance.crp,{CT-FMU}.CT-FMUInstance.csp,{DE-FMU}.DE-FMUInstance.cbp,{DE-FMU}.DE-FMUInstance.cip,{DE-FMU}.DE-FMUInstance.crp,{DE-FMU}.DE-FMUInstance.csp
0.0,0.0,false,0,0.0,"",false,0,0.0,""
0.1,0.1,true,1,0.1,"A",false,0,0.0,"[]"
0.2,0.1,true,1,0.1,"[]A",true,1,0.1,"A"
0.30000000000000004,0.1,false,2,0.2,"AA",true,1,0.1,"[]A"
0.4,0.1,false,2,0.2,"[]AA",false,2,0.2,"AA"
0.5,0.1,true,3,0.30000000000000004,"AAA",false,2,0.2,"[]AA"
0.6,0.1,true,3,0.30000000000000004,"[]AAA",true,3,0.30000000000000004,"AAA"
0.7,0.1,false,4,0.4,"AAAA",true,3,0.30000000000000004,"[]AAA"
0.7999999999999999,0.1,false,4,0.4,"[]AAAA",false,4,0.4,"AAAA"
0.8999999999999999,0.1,true,5,0.5,"AAAAA",false,4,0.4,"[]AAAA"
0.9999999999999999,0.1,true,5,0.5,"[]AAAAA",true,5,0.5,"AAAAA"
1.0999999999999999,0.1,false,6,0.6,"AAAAAA",true,5,0.5,"[]AAAAA"
1.2,0.1,false,6,0.6,"[]AAAAAA",false,6,0.6,"AAAAAA"
1.3,0.1,true,7,0.7,"AAAAAAA",false,6,0.6,"[]AAAAAA"
1.4000000000000001,0.1,true,7,0.7,"[]AAAAAAA",true,7,0.7,"AAAAAAA"
1.5000000000000002,0.1,false,8,0.7999999999999999,"AAAAAAAA",true,7,0.7,"[]AAAAAAA"
1.6000000000000003,0.1,false,8,0.7999999999999999,"[]AAAAAAAA",false,8,0.7999999999999999,"AAAAAAAA"
1.7000000000000004,0.1,true,9,0.8999999999999999,"AAAAAAAAA",false,8,0.7999999999999999,"[]AAAAAAAA"
1.8000000000000005,0.1,true,9,0.8999999999999999,"[]AAAAAAAAA",true,9,0.8999999999999999,"AAAAAAAAA"
1.9000000000000006,0.1,false,10,0.9999999999999999,"AAAAAAAAAA",true,9,0.8999999999999999,"[]AAAAAAAAA"
2.0000000000000004,0.1,false,10,0.9999999999999999,"[]AAAAAAAAAA",false,10,0.9999999999999999,"AAAAAAAAAA"
2.1000000000000005,0.1,true,11,1.0999999999999999,"AAAAAAAAAAA",false,10,0.9999999999999999,"[]AAAAAAAAAA"
2.2000000000000006,0.1,true,11,1.0999999999999999,"[]AAAAAAAAAAA",true,11,1.0999999999999999,"AAAAAAAAAAA"
2.3000000000000007,0.1,false,12,1.2,"AAAAAAAAAAAA",true,11,1.0999999999999999,"[]AAAAAAAAAAA"
2.400000000000001,0.1,false,12,1.2,"[]AAAAAAAAAAAA",false,12,1.2,"AAAAAAAAAAAA"
2.500000000000001,0.1,true,13,1.3,"AAAAAAAAAAAAA",false,12,1.2,"[]AAAAAAAAAAAA"
2.600000000000001,0.1,true,13,1.3,"[]AAAAAAAAAAAAA",true,13,1.3,"AAAAAAAAAAAAA"
2.700000000000001,0.1,false,14,1.4000000000000001,"AAAAAAAAAAAAAA",true,13,1.3,"[]AAAAAAAAAAAAA"
2.800000000000001,0.1,false,14,1.4000000000000001,"[]AAAAAAAAAAAAAA",false,14,1.4000000000000001,"AAAAAAAAAAAAAA"
2.9000000000000012,0.1,true,15,1.5000000000000002,"AAAAAAAAAAAAAAA",false,14,1.4000000000000001,"[]AAAAAAAAAAAAAA"
3.0000000000000013,0.1,true,15,1.5000000000000002,"[]AAAAAAAAAAAAAAA",true,15,1.5000000000000002,"AAAAAAAAAAAAAAA"
3.1000000000000014,0.1,false,16,1.6000000000000003,"AAAAAAAAAAAAAAAA",true,15,1.5000000000000002,"[]AAAAAAAAAAAAAAA"
3.2000000000000015,0.1,false,16,1.6000000000000003,"[]AAAAAAAAAAAAAAAA",false,16,1.6000000000000003,"AAAAAAAAAAAAAAAA"
3.3000000000000016,0.1,true,17,1.7000000000000004,"AAAAAAAAAAAAAAAAA",false,16,1.6000000000000003,"[]AAAAAAAAAAAAAAAA"
3.4000000000000017,0.1,true,17,1.7000000000000004,"[]AAAAAAAAAAAAAAAAA",true,17,1.7000000000000004,"AAAAAAAAAAAAAAAAA"
3.5000000000000018,0.1,false,18,1.8000000000000005,"AAAAAAAAAAAAAAAAAA",true,17,1.7000000000000004,"[]AAAAAAAAAAAAAAAAA"
3.600000000000002,0.1,false,18,1.8000000000000005,"[]AAAAAAAAAAAAAAAAAA",false,18,1.8000000000000005,"AAAAAAAAAAAAAAAAAA"
3.700000000000002,0.1,true,19,1.9000000000000006,"AAAAAAAAAAAAAAAAAAA",false,18,1.8000000000000005,"[]AAAAAAAAAAAAAAAAAA"
3.800000000000002,0.1,true,19,1.9000000000000006,"[]AAAAAAAAAAAAAAAAAAA",true,19,1.9000000000000006,"AAAAAAAAAAAAAAAAAAA"
3.900000000000002,0.1,false,20,2.0000000000000004,"AAAAAAAAAAAAAAAAAAAA",true,19,1.9000000000000006,"[]"
4.000000000000002,0.1,false,20,2.0000000000000004,"[]A",false,20,2.0000000000000004,"AAAAAAAAAAAAAAAAAAAA"
4.100000000000001,0.1,true,21,2.1000000000000005,"AAAAAAAAAAAAAAAAAAAAA",false,20,2.0000000000000004,"[]A"
4.200000000000001,0.1,true,21,2.1000000000000005,"[]AA",true,21,2.1000000000000005,"[]"
4.300000000000001,0.1,false,22,2.2000000000000006,"[]A",true,21,2.1000000000000005,"[]AA"
4.4,0.1,false,22,2.2000000000000006,"[]AAA",false,22,2.2000000000000006,"[]A"
4.5,0.1,true,23,2.3000000000000007,"[]AA",false,22,2.2000000000000006,"[]AAA"
4.6,0.1,true,23,2.3000000000000007,"[]AAAA",true,23,2.3000000000000007,"[]AA"
4.699999999999999,0.1,false,24,2.400000000000001,"[]AAA",true,23,2.3000000000000007,"[]AAAA"
4.799999999999999,0.1,false,24,2.400000000000001,"[]AAAAA",false,24,2.400000000000001,"[]AAA"
4.899999999999999,0.1,true,25,2.500000000000001,"[]AAAA",false,24,2.400000000000001,"[]AAAAA"
4.999999999999998,0.1,true,25,2.500000000000001,"[]AAAAAA",true,25,2.500000000000001,"[]AAAA"
5.099999999999998,0.1,false,26,2.600000000000001,"[]AAAAA",true,25,2.500000000000001,"[]AAAAAA"
5.1999999999999975,0.1,false,26,2.600000000000001,"[]AAAAAAA",false,26,2.600000000000001,"[]AAAAA"
5.299999999999997,0.1,true,27,2.700000000000001,"[]AAAAAA",false,26,2.600000000000001,"[]AAAAAAA"
5.399999999999997,0.1,true,27,2.700000000000001,"[]AAAAAAAA",true,27,2.700000000000001,"[]AAAAAA"
5.4999999999999964,0.1,false,28,2.800000000000001,"[]AAAAAAA",true,27,2.700000000000001,"[]AAAAAAAA"
5.599999999999996,0.1,false,28,2.800000000000001,"[]AAAAAAAAA",false,28,2.800000000000001,"[]AAAAAAA"
5.699999999999996,0.1,true,29,2.9000000000000012,"[]AAAAAAAA",false,28,2.800000000000001,"[]AAAAAAAAA"
5.799999999999995,0.1,true,29,2.9000000000000012,"[]AAAAAAAAAA",true,29,2.9000000000000012,"[]AAAAAAAA"
5.899999999999995,0.1,false,30,3.0000000000000013,"[]AAAAAAAAA",true,29,2.9000000000000012,"[]AAAAAAAAAA"
5.999999999999995,0.1,false,30,3.0000000000000013,"[]AAAAAAAAAAA",false,30,3.0000000000000013,"[]AAAAAAAAA"
6.099999999999994,0.1,true,31,3.1000000000000014,"[]AAAAAAAAAA",false,30,3.0000000000000013,"[]AAAAAAAAAAA"
6.199999999999994,0.1,true,31,3.1000000000000014,"[]AAAAAAAAAAAA",true,31,3.1000000000000014,"[]AAAAAAAAAA"
6.299999999999994,0.1,false,32,3.2000000000000015,"[]AAAAAAAAAAA",true,31,3.1000000000000014,"[]AAAAAAAAAAAA"
6.399999999999993,0.1,false,32,3.2000000000000015,"[]AAAAAAAAAAAAA",false,32,3.2000000000000015,"[]AAAAAAAAAAA"
6.499999999999993,0.1,true,33,3.3000000000000016,"[]AAAAAAAAAAAA",false,32,3.2000000000000015,"[]AAAAAAAAAAAAA"
6.5999999999999925,0.1,true,33,3.3000000000000016,"[]AAAAAAAAAAAAAA",true,33,3.3000000000000016,"[]AAAAAAAAAAAA"
6.699999999999992,0.1,false,34,3.4000000000000017,"[]AAAAAAAAAAAAA",true,33,3.3000000000000016,"[]AAAAAAAAAAAAAA"
6.799999999999992,0.1,false,34,3.4000000000000017,"[]AAAAAAAAAAAAAAA",false,34,3.4000000000000017,"[]AAAAAAAAAAAAA"
6.8999999999999915,0.1,true,35,3.5000000000000018,"[]AAAAAAAAAAAAAA",false,34,3.4000000000000017,"[]AAAAAAAAAAAAAAA"
6.999999999999991,0.1,true,35,3.5000000000000018,"[]AAAAAAAAAAAAAAAA",true,35,3.5000000000000018,"[]AAAAAAAAAAAAAA"
7.099999999999991,0.1,false,36,3.600000000000002,"[]AAAAAAAAAAAAAAA",true,35,3.5000000000000018,"[]AAAAAAAAAAAAAAAA"
7.19999999999999,0.1,false,36,3.600000000000002,"[]AAAAAAAAAAAAAAAAA",false,36,3.600000000000002,"[]AAAAAAAAAAAAAAA"
7.29999999999999,0.1,true,37,3.700000000000002,"[]AAAAAAAAAAAAAAAA",false,36,3.600000000000002,"[]AAAAAAAAAAAAAAAAA"
7.39999999999999,0.1,true,37,3.700000000000002,"[]AAAAAAAAAAAAAAAAAA",true,37,3.700000000000002,"[]AAAAAAAAAAAAAAAA"
7.499999999999989,0.1,false,38,3.800000000000002,"[]AAAAAAAAAAAAAAAAA",true,37,3.700000000000002,"[]AAAAAAAAAAAAAAAAAA"
7.599999999999989,0.1,false,38,3.800000000000002,"[]AAAAAAAAAAAAAAAAAAA",false,38,3.800000000000002,"[]AAAAAAAAAAAAAAAAA"
7.699999999999989,0.1,true,39,3.900000000000002,"[]AAAAAAAAAAAAAAAAAA",false,38,3.800000000000002,"[]"
7.799999999999988,0.1,true,39,3.900000000000002,"[]A",true,39,3.900000000000002,"[]AAAAAAAAAAAAAAAAAA"
7.899999999999988,0.1,false,40,4.000000000000002,"[]AAAAAAAAAAAAAAAAAAA",true,39,3.900000000000002,"[]A"
7.999999999999988,0.1,false,40,4.000000000000002,"[]AA",false,40,4.000000000000002,"[]"
8.099999999999987,0.1,true,41,4.100000000000001,"[]A",false,40,4.000000000000002,"[]AA"
8.199999999999987,0.1,true,41,4.100000000000001,"[]AAA",true,41,4.100000000000001,"[]A"
8.299999999999986,0.1,false,42,4.200000000000001,"[]AA",true,41,4.100000000000001,"[]AAA"
8.399999999999986,0.1,false,42,4.200000000000001,"[]AAAA",false,42,4.200000000000001,"[]AA"
8.499999999999986,0.1,true,43,4.300000000000001,"[]AAA",false,42,4.200000000000001,"[]AAAA"
8.599999999999985,0.1,true,43,4.300000000000001,"[]AAAAA",true,43,4.300000000000001,"[]AAA"
8.699999999999985,0.1,false,44,4.4,"[]AAAA",true,43,4.300000000000001,"[]AAAAA"
8.799999999999985,0.1,false,44,4.4,"[]AAAAAA",false,44,4.4,"[]AAAA"
8.899999999999984,0.1,true,45,4.5,"[]AAAAA",false,44,4.4,"[]AAAAAA"
8.999999999999984,0.1,true,45,4.5,"[]AAAAAAA",true,45,4.5,"[]AAAAA"
9.099999999999984,0.1,false,46,4.6,"[]AAAAAA",true,45,4.5,"[]AAAAAAA"
9.199999999999983,0.1,false,46,4.6,"[]AAAAAAAA",false,46,4.6,"[]AAAAAA"
9.299999999999983,0.1,true,47,4.699999999999999,"[]AAAAAAA",false,46,4.6,"[]AAAAAAAA"
9.399999999999983,0.1,true,47,4.699999999999999,"[]AAAAAAAAA",true,47,4.699999999999999,"[]AAAAAAA"
9.499999999999982,0.1,false,48,4.799999999999999,"[]AAAAAAAA",true,47,4.699999999999999,"[]AAAAAAAAA"
9.599999999999982,0.1,false,48,4.799999999999999,"[]AAAAAAAAAA",false,48,4.799999999999999,"[]AAAAAAAA"
9.699999999999982,0.1,true,49,4.899999999999999,"[]AAAAAAAAA",false,48,4.799999999999999,"[]AAAAAAAAAA"
9.799999999999981,0.1,true,49,4.899999999999999,"[]AAAAAAAAAAA",true,49,4.899999999999999,"[]AAAAAAAAA"
9.89999999999998,0.1,false,50,4.999999999999998,"[]AAAAAAAAAA",true,49,4.899999999999999,"[]AAAAAAAAAAA"
9.99999999999998,0.1,false,50,4.999999999999998,"[]AAAAAAAAAAAA",false,50,4.999999999999998,"[]AAAAAAAAAA"
