time,step-size,{FMU-Controller}.FMU-ControllerInstance.cbp,{FMU-Controller}.FMU-ControllerInstance.cip,{FMU-Controller}.FMU-ControllerInstance.crp,{FMU-Plant}.FMU-PlantInstance.cbp,{FMU-Plant}.FMU-PlantInstance.cip,{FMU-Plant}.FMU-PlantInstance.crp
0.0,0.0,false,0,0.0,false,0,0.0
0.01,0.01,false,0,0.0,true,1,0.1
0.02,0.01,false,0,0.0,true,1,0.1
0.03,0.01,false,0,0.0,true,1,0.1
0.04,0.01,false,0,0.0,true,1,0.1
0.05,0.01,false,0,0.0,true,1,0.1
0.060000000000000005,0.01,false,0,0.0,true,1,0.1
0.07,0.01,false,0,0.0,true,1,0.1
0.08,0.01,false,0,0.0,true,1,0.1
0.09,0.01,false,0,0.0,true,1,0.1
0.09999999999999999,0.01,false,0,0.0,true,1,0.1
0.10999999999999999,0.01,true,1,0.0,true,1,0.1
0.11999999999999998,0.01,true,1,0.0,true,1,0.1
0.12999999999999998,0.01,true,1,0.0,true,1,0.1
0.13999999999999999,0.01,true,1,0.0,true,1,0.1
0.15,0.01,true,1,0.0,true,1,0.1
0.16,0.01,true,1,0.0,true,1,0.1
0.17,0.01,true,1,0.0,true,1,0.1
0.18000000000000002,0.01,true,1,0.0,true,1,0.1
0.19000000000000003,0.01,true,1,0.0,true,1,0.1
0.20000000000000004,0.01,true,1,0.0,true,1,0.1
0.21000000000000005,0.01,true,1,0.0,false,2,0.1
0.22000000000000006,0.01,true,1,0.0,false,2,0.1
0.23000000000000007,0.01,true,1,0.0,false,2,0.1
0.24000000000000007,0.01,true,1,0.0,false,2,0.1
0.25000000000000006,0.01,true,1,0.0,false,2,0.1
0.26000000000000006,0.01,true,1,0.0,false,2,0.1
0.2700000000000001,0.01,true,1,0.0,false,2,0.1
0.2800000000000001,0.01,true,1,0.0,false,2,0.1
0.2900000000000001,0.01,true,1,0.0,false,2,0.1
0.3000000000000001,0.01,false,2,0.0,false,2,0.1
0.3100000000000001,0.01,false,2,0.0,true,3,0.1
0.3200000000000001,0.01,false,2,0.0,true,3,0.1
0.3300000000000001,0.01,false,2,0.0,true,3,0.1
0.34000000000000014,0.01,false,2,0.0,true,3,0.1
0.35000000000000014,0.01,false,2,0.0,true,3,0.1
0.36000000000000015,0.01,false,2,0.0,true,3,0.1
0.37000000000000016,0.01,false,2,0.0,true,3,0.1
0.38000000000000017,0.01,false,2,0.0,true,3,0.1
0.3900000000000002,0.01,false,2,0.0,true,3,0.1
0.4000000000000002,0.01,true,3,0.0,true,3,0.1
0.4100000000000002,0.01,true,3,0.0,false,4,0.1
0.4200000000000002,0.01,true,3,0.0,false,4,0.1
0.4300000000000002,0.01,true,3,0.0,false,4,0.1
0.4400000000000002,0.01,true,3,0.0,false,4,0.1
0.45000000000000023,0.01,true,3,0.0,false,4,0.1
0.46000000000000024,0.01,true,3,0.0,false,4,0.1
0.47000000000000025,0.01,true,3,0.0,false,4,0.1
0.48000000000000026,0.01,true,3,0.0,false,4,0.1
0.49000000000000027,0.01,true,3,0.0,false,4,0.1
0.5000000000000002,0.01,false,4,0.0,false,4,0.1
0.5100000000000002,0.01,false,4,0.0,true,5,0.1
0.5200000000000002,0.01,false,4,0.0,true,5,0.1
0.5300000000000002,0.01,false,4,0.0,true,5,0.1
0.5400000000000003,0.01,false,4,0.0,true,5,0.1
0.5500000000000003,0.01,false,4,0.0,true,5,0.1
0.5600000000000003,0.01,false,4,0.0,true,5,0.1
0.5700000000000003,0.01,false,4,0.0,true,5,0.1
0.5800000000000003,0.01,false,4,0.0,true,5,0.1
0.5900000000000003,0.01,false,4,0.0,true,5,0.1
0.6000000000000003,0.01,true,5,0.0,true,5,0.1
0.6100000000000003,0.01,true,5,0.0,false,6,0.1
0.6200000000000003,0.01,true,5,0.0,false,6,0.1
0.6300000000000003,0.01,true,5,0.0,false,6,0.1
0.6400000000000003,0.01,true,5,0.0,false,6,0.1
0.6500000000000004,0.01,true,5,0.0,false,6,0.1
0.6600000000000004,0.01,true,5,0.0,false,6,0.1
0.6700000000000004,0.01,true,5,0.0,false,6,0.1
0.6800000000000004,0.01,true,5,0.0,false,6,0.1
0.6900000000000004,0.01,true,5,0.0,false,6,0.1
0.7000000000000004,0.01,false,6,0.0,false,6,0.1
0.7100000000000004,0.01,false,6,0.0,true,7,0.1
0.7200000000000004,0.01,false,6,0.0,true,7,0.1
0.7300000000000004,0.01,false,6,0.0,true,7,0.1
0.7400000000000004,0.01,false,6,0.0,true,7,0.1
0.7500000000000004,0.01,false,6,0.0,true,7,0.1
0.7600000000000005,0.01,false,6,0.0,true,7,0.1
0.7700000000000005,0.01,false,6,0.0,true,7,0.1
0.7800000000000005,0.01,false,6,0.0,true,7,0.1
0.7900000000000005,0.01,false,6,0.0,true,7,0.1
0.8000000000000005,0.01,true,7,0.0,true,7,0.1
0.8100000000000005,0.01,true,7,0.0,false,8,0.1
0.8200000000000005,0.01,true,7,0.0,false,8,0.1
0.8300000000000005,0.01,true,7,0.0,false,8,0.1
0.8400000000000005,0.01,true,7,0.0,false,8,0.1
0.8500000000000005,0.01,true,7,0.0,false,8,0.1
0.8600000000000005,0.01,true,7,0.0,false,8,0.1
0.8700000000000006,0.01,true,7,0.0,false,8,0.1
0.8800000000000006,0.01,true,7,0.0,false,8,0.1
0.8900000000000006,0.01,true,7,0.0,false,8,0.1
0.9000000000000006,0.01,false,8,0.0,false,8,0.1
0.9100000000000006,0.01,false,8,0.0,true,9,0.1
0.9200000000000006,0.01,false,8,0.0,true,9,0.1
0.9300000000000006,0.01,false,8,0.0,true,9,0.1
0.9400000000000006,0.01,false,8,0.0,true,9,0.1
0.9500000000000006,0.01,false,8,0.0,true,9,0.1
0.9600000000000006,0.01,false,8,0.0,true,9,0.1
0.9700000000000006,0.01,false,8,0.0,true,9,0.1
0.9800000000000006,0.01,false,8,0.0,true,9,0.1
0.9900000000000007,0.01,false,8,0.0,true,9,0.1
1.0000000000000007,0.01,true,9,0.0,true,9,0.1
1.0100000000000007,0.01,true,9,0.0,false,10,0.1
1.0200000000000007,0.01,true,9,0.0,false,10,0.1
1.0300000000000007,0.01,true,9,0.0,false,10,0.1
1.0400000000000007,0.01,true,9,0.0,false,10,0.1
1.0500000000000007,0.01,true,9,0.0,false,10,0.1
1.0600000000000007,0.01,true,9,0.0,false,10,0.1
1.0700000000000007,0.01,true,9,0.0,false,10,0.1
1.0800000000000007,0.01,true,9,0.0,false,10,0.1
1.0900000000000007,0.01,true,9,0.0,false,10,0.1
1.1000000000000008,0.01,false,10,0.0,false,10,0.1
1.1100000000000008,0.01,false,10,0.0,true,11,0.1
1.1200000000000008,0.01,false,10,0.0,true,11,0.1
1.1300000000000008,0.01,false,10,0.0,true,11,0.1
1.1400000000000008,0.01,false,10,0.0,true,11,0.1
1.1500000000000008,0.01,false,10,0.0,true,11,0.1
1.1600000000000008,0.01,false,10,0.0,true,11,0.1
1.1700000000000008,0.01,false,10,0.0,true,11,0.1
1.1800000000000008,0.01,false,10,0.0,true,11,0.1
1.1900000000000008,0.01,false,10,0.0,true,11,0.1
1.2000000000000008,0.01,true,11,0.0,true,11,0.1
1.2100000000000009,0.01,true,11,0.0,false,12,0.1
1.2200000000000009,0.01,true,11,0.0,false,12,0.1
1.2300000000000009,0.01,true,11,0.0,false,12,0.1
1.2400000000000009,0.01,true,11,0.0,false,12,0.1
1.2500000000000009,0.01,true,11,0.0,false,12,0.1
1.260000000000001,0.01,true,11,0.0,false,12,0.1
1.270000000000001,0.01,true,11,0.0,false,12,0.1
1.280000000000001,0.01,true,11,0.0,false,12,0.1
1.290000000000001,0.01,true,11,0.0,false,12,0.1
1.300000000000001,0.01,false,12,0.0,false,12,0.1
1.310000000000001,0.01,false,12,0.0,true,13,0.1
1.320000000000001,0.01,false,12,0.0,true,13,0.1
1.330000000000001,0.01,false,12,0.0,true,13,0.1
1.340000000000001,0.01,false,12,0.0,true,13,0.1
1.350000000000001,0.01,false,12,0.0,true,13,0.1
1.360000000000001,0.01,false,12,0.0,true,13,0.1
1.370000000000001,0.01,false,12,0.0,true,13,0.1
1.380000000000001,0.01,false,12,0.0,true,13,0.1
1.390000000000001,0.01,false,12,0.0,true,13,0.1
1.400000000000001,0.01,true,13,0.0,true,13,0.1
1.410000000000001,0.01,true,13,0.0,false,14,0.1
1.420000000000001,0.01,true,13,0.0,false,14,0.1
1.430000000000001,0.01,true,13,0.0,false,14,0.1
1.440000000000001,0.01,true,13,0.0,false,14,0.1
1.450000000000001,0.01,true,13,0.0,false,14,0.1
1.460000000000001,0.01,true,13,0.0,false,14,0.1
1.470000000000001,0.01,true,13,0.0,false,14,0.1
1.480000000000001,0.01,true,13,0.0,false,14,0.1
1.490000000000001,0.01,true,13,0.0,false,14,0.1
1.500000000000001,0.01,false,14,0.0,false,14,0.1
1.5100000000000011,0.01,false,14,0.0,true,15,0.1
1.5200000000000011,0.01,false,14,0.0,true,15,0.1
1.5300000000000011,0.01,false,14,0.0,true,15,0.1
1.5400000000000011,0.01,false,14,0.0,true,15,0.1
1.5500000000000012,0.01,false,14,0.0,true,15,0.1
1.5600000000000012,0.01,false,14,0.0,true,15,0.1
1.5700000000000012,0.01,false,14,0.0,true,15,0.1
1.5800000000000012,0.01,false,14,0.0,true,15,0.1
1.5900000000000012,0.01,false,14,0.0,true,15,0.1
1.6000000000000012,0.01,true,15,0.0,true,15,0.1
1.6100000000000012,0.01,true,15,0.0,false,16,0.1
1.6200000000000012,0.01,true,15,0.0,false,16,0.1
1.6300000000000012,0.01,true,15,0.0,false,16,0.1
1.6400000000000012,0.01,true,15,0.0,false,16,0.1
1.6500000000000012,0.01,true,15,0.0,false,16,0.1
1.6600000000000013,0.01,true,15,0.0,false,16,0.1
1.6700000000000013,0.01,true,15,0.0,false,16,0.1
1.6800000000000013,0.01,true,15,0.0,false,16,0.1
1.6900000000000013,0.01,true,15,0.0,false,16,0.1
1.7000000000000013,0.01,false,16,0.0,false,16,0.1
1.7100000000000013,0.01,false,16,0.0,true,17,0.1
1.7200000000000013,0.01,false,16,0.0,true,17,0.1
1.7300000000000013,0.01,false,16,0.0,true,17,0.1
1.7400000000000013,0.01,false,16,0.0,true,17,0.1
1.7500000000000013,0.01,false,16,0.0,true,17,0.1
1.7600000000000013,0.01,false,16,0.0,true,17,0.1
1.7700000000000014,0.01,false,16,0.0,true,17,0.1
1.7800000000000014,0.01,false,16,0.0,true,17,0.1
1.7900000000000014,0.01,false,16,0.0,true,17,0.1
1.8000000000000014,0.01,true,17,0.0,true,17,0.1
1.8100000000000014,0.01,true,17,0.0,false,18,0.1
1.8200000000000014,0.01,true,17,0.0,false,18,0.1
1.8300000000000014,0.01,true,17,0.0,false,18,0.1
1.8400000000000014,0.01,true,17,0.0,false,18,0.1
1.8500000000000014,0.01,true,17,0.0,false,18,0.1
1.8600000000000014,0.01,true,17,0.0,false,18,0.1
1.8700000000000014,0.01,true,17,0.0,false,18,0.1
1.8800000000000014,0.01,true,17,0.0,false,18,0.1
1.8900000000000015,0.01,true,17,0.0,false,18,0.1
1.9000000000000015,0.01,false,18,0.0,false,18,0.1
1.9100000000000015,0.01,false,18,0.0,true,19,0.1
1.9200000000000015,0.01,false,18,0.0,true,19,0.1
1.9300000000000015,0.01,false,18,0.0,true,19,0.1
1.9400000000000015,0.01,false,18,0.0,true,19,0.1
1.9500000000000015,0.01,false,18,0.0,true,19,0.1
1.9600000000000015,0.01,false,18,0.0,true,19,0.1
1.9700000000000015,0.01,false,18,0.0,true,19,0.1
1.9800000000000015,0.01,false,18,0.0,true,19,0.1
1.9900000000000015,0.01,false,18,0.0,true,19,0.1
2.0000000000000013,0.01,true,19,0.0,true,19,0.1
2.010000000000001,0.01,true,19,0.0,false,20,0.1
2.020000000000001,0.01,true,19,0.0,false,20,0.1
2.0300000000000007,0.01,true,19,0.0,false,20,0.1
2.0400000000000005,0.01,true,19,0.0,false,20,0.1
2.0500000000000003,0.01,true,19,0.0,false,20,0.1
2.06,0.01,true,19,0.0,false,20,0.1
2.07,0.01,true,19,0.0,false,20,0.1
2.0799999999999996,0.01,true,19,0.0,false,20,0.1
2.0899999999999994,0.01,true,19,0.0,false,20,0.1
2.099999999999999,0.01,true,19,0.0,false,20,0.1
2.109999999999999,0.01,false,20,0.0,false,20,0.1
2.1199999999999988,0.01,false,20,0.0,false,20,0.1
2.1299999999999986,0.01,false,20,0.0,false,20,0.1
2.1399999999999983,0.01,false,20,0.0,false,20,0.1
2.149999999999998,0.01,false,20,0.0,false,20,0.1
2.159999999999998,0.01,false,20,0.0,false,20,0.1
2.1699999999999977,0.01,false,20,0.0,false,20,0.1
2.1799999999999975,0.01,false,20,0.0,false,20,0.1
2.1899999999999973,0.01,false,20,0.0,false,20,0.1
2.199999999999997,0.01,false,20,0.0,false,20,0.1
2.209999999999997,0.01,false,20,0.0,true,21,0.1
2.2199999999999966,0.01,false,20,0.0,true,21,0.1
2.2299999999999964,0.01,false,20,0.0,true,21,0.1
2.239999999999996,0.01,false,20,0.0,true,21,0.1
2.249999999999996,0.01,false,20,0.0,true,21,0.1
2.259999999999996,0.01,false,20,0.0,true,21,0.1
2.2699999999999956,0.01,false,20,0.0,true,21,0.1
2.2799999999999954,0.01,false,20,0.0,true,21,0.1
2.289999999999995,0.01,false,20,0.0,true,21,0.1
2.299999999999995,0.01,false,20,0.0,true,21,0.1
2.3099999999999947,0.01,true,21,0.0,true,21,0.1
2.3199999999999945,0.01,true,21,0.0,true,21,0.1
2.3299999999999943,0.01,true,21,0.0,true,21,0.1
2.339999999999994,0.01,true,21,0.0,true,21,0.1
2.349999999999994,0.01,true,21,0.0,true,21,0.1
2.3599999999999937,0.01,true,21,0.0,true,21,0.1
2.3699999999999934,0.01,true,21,0.0,true,21,0.1
2.3799999999999932,0.01,true,21,0.0,true,21,0.1
2.389999999999993,0.01,true,21,0.0,true,21,0.1
2.399999999999993,0.01,true,21,0.0,true,21,0.1
2.4099999999999926,0.01,true,21,0.0,false,22,0.1
2.4199999999999924,0.01,true,21,0.0,false,22,0.1
2.429999999999992,0.01,true,21,0.0,false,22,0.1
2.439999999999992,0.01,true,21,0.0,false,22,0.1
2.4499999999999917,0.01,true,21,0.0,false,22,0.1
2.4599999999999915,0.01,true,21,0.0,false,22,0.1
2.4699999999999913,0.01,true,21,0.0,false,22,0.1
2.479999999999991,0.01,true,21,0.0,false,22,0.1
2.489999999999991,0.01,true,21,0.0,false,22,0.1
2.4999999999999907,0.01,true,21,0.0,false,22,0.1
2.5099999999999905,0.01,false,22,0.0,false,22,0.1
2.5199999999999902,0.01,false,22,0.0,false,22,0.1
2.52999999999999,0.01,false,22,0.0,false,22,0.1
2.53999999999999,0.01,false,22,0.0,false,22,0.1
2.5499999999999896,0.01,false,22,0.0,false,22,0.1
2.5599999999999894,0.01,false,22,0.0,false,22,0.1
2.569999999999989,0.01,false,22,0.0,false,22,0.1
2.579999999999989,0.01,false,22,0.0,false,22,0.1
2.5899999999999888,0.01,false,22,0.0,false,22,0.1
2.5999999999999885,0.01,false,22,0.0,false,22,0.1
2.6099999999999883,0.01,false,22,0.0,true,23,0.1
2.619999999999988,0.01,false,22,0.0,true,23,0.1
2.629999999999988,0.01,false,22,0.0,true,23,0.1
2.6399999999999877,0.01,false,22,0.0,true,23,0.1
2.6499999999999875,0.01,false,22,0.0,true,23,0.1
2.6599999999999873,0.01,false,22,0.0,true,23,0.1
2.669999999999987,0.01,false,22,0.0,true,23,0.1
2.679999999999987,0.01,false,22,0.0,true,23,0.1
2.6899999999999866,0.01,false,22,0.0,true,23,0.1
2.6999999999999864,0.01,false,22,0.0,true,23,0.1
2.709999999999986,0.01,true,23,0.0,true,23,0.1
2.719999999999986,0.01,true,23,0.0,true,23,0.1
2.7299999999999858,0.01,true,23,0.0,true,23,0.1
2.7399999999999856,0.01,true,23,0.0,true,23,0.1
2.7499999999999853,0.01,true,23,0.0,true,23,0.1
2.759999999999985,0.01,true,23,0.0,true,23,0.1
2.769999999999985,0.01,true,23,0.0,true,23,0.1
2.7799999999999847,0.01,true,23,0.0,true,23,0.1
2.7899999999999845,0.01,true,23,0.0,true,23,0.1
2.7999999999999843,0.01,true,23,0.0,true,23,0.1
2.809999999999984,0.01,true,23,0.0,false,24,0.1
2.819999999999984,0.01,true,23,0.0,false,24,0.1
2.8299999999999836,0.01,true,23,0.0,false,24,0.1
2.8399999999999834,0.01,true,23,0.0,false,24,0.1
2.849999999999983,0.01,true,23,0.0,false,24,0.1
2.859999999999983,0.01,true,23,0.0,false,24,0.1
2.869999999999983,0.01,true,23,0.0,false,24,0.1
2.8799999999999826,0.01,true,23,0.0,false,24,0.1
2.8899999999999824,0.01,true,23,0.0,false,24,0.1
2.899999999999982,0.01,true,23,0.0,false,24,0.1
2.909999999999982,0.01,false,24,0.0,false,24,0.1
2.9199999999999817,0.01,false,24,0.0,false,24,0.1
2.9299999999999815,0.01,false,24,0.0,false,24,0.1
2.9399999999999813,0.01,false,24,0.0,false,24,0.1
2.949999999999981,0.01,false,24,0.0,false,24,0.1
2.959999999999981,0.01,false,24,0.0,false,24,0.1
2.9699999999999807,0.01,false,24,0.0,false,24,0.1
2.9799999999999804,0.01,false,24,0.0,false,24,0.1
2.9899999999999802,0.01,false,24,0.0,false,24,0.1
2.99999999999998,0.01,false,24,0.0,false,24,0.1
3.00999999999998,0.01,false,24,0.0,true,25,0.1
3.0199999999999796,0.01,false,24,0.0,true,25,0.1
3.0299999999999794,0.01,false,24,0.0,true,25,0.1
3.039999999999979,0.01,false,24,0.0,true,25,0.1
3.049999999999979,0.01,false,24,0.0,true,25,0.1
3.0599999999999787,0.01,false,24,0.0,true,25,0.1
3.0699999999999785,0.01,false,24,0.0,true,25,0.1
3.0799999999999783,0.01,false,24,0.0,true,25,0.1
3.089999999999978,0.01,false,24,0.0,true,25,0.1
3.099999999999978,0.01,false,24,0.0,true,25,0.1
3.1099999999999777,0.01,true,25,0.0,true,25,0.1
3.1199999999999775,0.01,true,25,0.0,true,25,0.1
3.1299999999999772,0.01,true,25,0.0,true,25,0.1
3.139999999999977,0.01,true,25,0.0,true,25,0.1
3.149999999999977,0.01,true,25,0.0,true,25,0.1
3.1599999999999766,0.01,true,25,0.0,true,25,0.1
3.1699999999999764,0.01,true,25,0.0,true,25,0.1
3.179999999999976,0.01,true,25,0.0,true,25,0.1
3.189999999999976,0.01,true,25,0.0,true,25,0.1
3.1999999999999758,0.01,true,25,0.0,true,25,0.1
3.2099999999999755,0.01,true,25,0.0,false,26,0.1
3.2199999999999753,0.01,true,25,0.0,false,26,0.1
3.229999999999975,0.01,true,25,0.0,false,26,0.1
3.239999999999975,0.01,true,25,0.0,false,26,0.1
3.2499999999999747,0.01,true,25,0.0,false,26,0.1
3.2599999999999745,0.01,true,25,0.0,false,26,0.1
3.2699999999999743,0.01,true,25,0.0,false,26,0.1
3.279999999999974,0.01,true,25,0.0,false,26,0.1
3.289999999999974,0.01,true,25,0.0,false,26,0.1
3.2999999999999736,0.01,true,25,0.0,false,26,0.1
3.3099999999999734,0.01,false,26,0.0,false,26,0.1
3.319999999999973,0.01,false,26,0.0,false,26,0.1
3.329999999999973,0.01,false,26,0.0,false,26,0.1
3.3399999999999728,0.01,false,26,0.0,false,26,0.1
3.3499999999999726,0.01,false,26,0.0,false,26,0.1
3.3599999999999723,0.01,false,26,0.0,false,26,0.1
3.369999999999972,0.01,false,26,0.0,false,26,0.1
3.379999999999972,0.01,false,26,0.0,false,26,0.1
3.3899999999999717,0.01,false,26,0.0,false,26,0.1
3.3999999999999715,0.01,false,26,0.0,false,26,0.1
3.4099999999999713,0.01,false,26,0.0,true,27,0.1
3.419999999999971,0.01,false,26,0.0,true,27,0.1
3.429999999999971,0.01,false,26,0.0,true,27,0.1
3.4399999999999706,0.01,false,26,0.0,true,27,0.1
3.4499999999999704,0.01,false,26,0.0,true,27,0.1
3.45999999999997,0.01,false,26,0.0,true,27,0.1
3.46999999999997,0.01,false,26,0.0,true,27,0.1
3.47999999999997,0.01,false,26,0.0,true,27,0.1
3.4899999999999696,0.01,false,26,0.0,true,27,0.1
3.4999999999999694,0.01,false,26,0.0,true,27,0.1
3.509999999999969,0.01,true,27,0.0,true,27,0.1
3.519999999999969,0.01,true,27,0.0,true,27,0.1
3.5299999999999687,0.01,true,27,0.0,true,27,0.1
3.5399999999999685,0.01,true,27,0.0,true,27,0.1
3.5499999999999683,0.01,true,27,0.0,true,27,0.1
3.559999999999968,0.01,true,27,0.0,true,27,0.1
3.569999999999968,0.01,true,27,0.0,true,27,0.1
3.5799999999999677,0.01,true,27,0.0,true,27,0.1
3.5899999999999674,0.01,true,27,0.0,true,27,0.1
3.5999999999999672,0.01,true,27,0.0,true,27,0.1
3.609999999999967,0.01,true,27,0.0,false,28,0.1
3.619999999999967,0.01,true,27,0.0,false,28,0.1
3.6299999999999666,0.01,true,27,0.0,false,28,0.1
3.6399999999999664,0.01,true,27,0.0,false,28,0.1
3.649999999999966,0.01,true,27,0.0,false,28,0.1
3.659999999999966,0.01,true,27,0.0,false,28,0.1
3.6699999999999657,0.01,true,27,0.0,false,28,0.1
3.6799999999999655,0.01,true,27,0.0,false,28,0.1
3.6899999999999653,0.01,true,27,0.0,false,28,0.1
3.699999999999965,0.01,true,27,0.0,false,28,0.1
3.709999999999965,0.01,false,28,0.0,false,28,0.1
3.7199999999999647,0.01,false,28,0.0,false,28,0.1
3.7299999999999645,0.01,false,28,0.0,false,28,0.1
3.7399999999999642,0.01,false,28,0.0,false,28,0.1
3.749999999999964,0.01,false,28,0.0,false,28,0.1
3.759999999999964,0.01,false,28,0.0,false,28,0.1
3.7699999999999636,0.01,false,28,0.0,false,28,0.1
3.7799999999999634,0.01,false,28,0.0,false,28,0.1
3.789999999999963,0.01,false,28,0.0,false,28,0.1
3.799999999999963,0.01,false,28,0.0,false,28,0.1
3.8099999999999627,0.01,false,28,0.0,true,29,0.1
3.8199999999999625,0.01,false,28,0.0,true,29,0.1
3.8299999999999623,0.01,false,28,0.0,true,29,0.1
3.839999999999962,0.01,false,28,0.0,true,29,0.1
3.849999999999962,0.01,false,28,0.0,true,29,0.1
3.8599999999999617,0.01,false,28,0.0,true,29,0.1
3.8699999999999615,0.01,false,28,0.0,true,29,0.1
3.8799999999999613,0.01,false,28,0.0,true,29,0.1
3.889999999999961,0.01,false,28,0.0,true,29,0.1
3.899999999999961,0.01,false,28,0.0,true,29,0.1
3.9099999999999606,0.01,true,29,0.0,true,29,0.1
3.9199999999999604,0.01,true,29,0.0,true,29,0.1
3.92999999999996,0.01,true,29,0.0,true,29,0.1
3.93999999999996,0.01,true,29,0.0,true,29,0.1
3.9499999999999598,0.01,true,29,0.0,true,29,0.1
3.9599999999999596,0.01,true,29,0.0,true,29,0.1
3.9699999999999593,0.01,true,29,0.0,true,29,0.1
3.979999999999959,0.01,true,29,0.0,true,29,0.1
3.989999999999959,0.01,true,29,0.0,true,29,0.1
3.9999999999999587,0.01,true,29,0.0,true,29,0.1
4.009999999999959,0.01,true,29,0.0,false,30,0.1
4.019999999999959,0.01,true,29,0.0,false,30,0.1
4.0299999999999585,0.01,true,29,0.0,false,30,0.1
4.039999999999958,0.01,true,29,0.0,false,30,0.1
4.049999999999958,0.01,true,29,0.0,false,30,0.1
4.059999999999958,0.01,true,29,0.0,false,30,0.1
4.069999999999958,0.01,true,29,0.0,false,30,0.1
4.079999999999957,0.01,true,29,0.0,false,30,0.1
4.089999999999957,0.01,true,29,0.0,false,30,0.1
4.099999999999957,0.01,true,29,0.0,false,30,0.1
4.109999999999957,0.01,false,30,0.0,false,30,0.1
4.119999999999957,0.01,false,30,0.0,false,30,0.1
4.129999999999956,0.01,false,30,0.0,false,30,0.1
4.139999999999956,0.01,false,30,0.0,false,30,0.1
4.149999999999956,0.01,false,30,0.0,false,30,0.1
4.159999999999956,0.01,false,30,0.0,false,30,0.1
4.1699999999999555,0.01,false,30,0.0,false,30,0.1
4.179999999999955,0.01,false,30,0.0,false,30,0.1
4.189999999999955,0.01,false,30,0.0,false,30,0.1
4.199999999999955,0.01,false,30,0.0,false,30,0.1
4.209999999999955,0.01,false,30,0.0,true,31,0.1
4.2199999999999545,0.01,false,30,0.0,true,31,0.1
4.229999999999954,0.01,false,30,0.0,true,31,0.1
4.239999999999954,0.01,false,30,0.0,true,31,0.1
4.249999999999954,0.01,false,30,0.0,true,31,0.1
4.259999999999954,0.01,false,30,0.0,true,31,0.1
4.269999999999953,0.01,false,30,0.0,true,31,0.1
4.279999999999953,0.01,false,30,0.0,true,31,0.1
4.289999999999953,0.01,false,30,0.0,true,31,0.1
4.299999999999953,0.01,false,30,0.0,true,31,0.1
4.3099999999999525,0.01,true,31,0.0,true,31,0.1
4.319999999999952,0.01,true,31,0.0,true,31,0.1
4.329999999999952,0.01,true,31,0.0,true,31,0.1
4.339999999999952,0.01,true,31,0.0,true,31,0.1
4.349999999999952,0.01,true,31,0.0,true,31,0.1
4.3599999999999515,0.01,true,31,0.0,true,31,0.1
4.369999999999951,0.01,true,31,0.0,true,31,0.1
4.379999999999951,0.01,true,31,0.0,true,31,0.1
4.389999999999951,0.01,true,31,0.0,true,31,0.1
4.399999999999951,0.01,true,31,0.0,true,31,0.1
4.40999999999995,0.01,true,31,0.0,false,32,0.1
4.41999999999995,0.01,true,31,0.0,false,32,0.1
4.42999999999995,0.01,true,31,0.0,false,32,0.1
4.43999999999995,0.01,true,31,0.0,false,32,0.1
4.4499999999999496,0.01,true,31,0.0,false,32,0.1
4.459999999999949,0.01,true,31,0.0,false,32,0.1
4.469999999999949,0.01,true,31,0.0,false,32,0.1
4.479999999999949,0.01,true,31,0.0,false,32,0.1
4.489999999999949,0.01,true,31,0.0,false,32,0.1
4.4999999999999485,0.01,true,31,0.0,false,32,0.1
4.509999999999948,0.01,false,32,0.0,false,32,0.1
4.519999999999948,0.01,false,32,0.0,false,32,0.1
4.529999999999948,0.01,false,32,0.0,false,32,0.1
4.539999999999948,0.01,false,32,0.0,false,32,0.1
4.549999999999947,0.01,false,32,0.0,false,32,0.1
4.559999999999947,0.01,false,32,0.0,false,32,0.1
4.569999999999947,0.01,false,32,0.0,false,32,0.1
4.579999999999947,0.01,false,32,0.0,false,32,0.1
4.589999999999947,0.01,false,32,0.0,false,32,0.1
4.599999999999946,0.01,false,32,0.0,false,32,0.1
4.609999999999946,0.01,false,32,0.0,true,33,0.1
4.619999999999946,0.01,false,32,0.0,true,33,0.1
4.629999999999946,0.01,false,32,0.0,true,33,0.1
4.6399999999999455,0.01,false,32,0.0,true,33,0.1
4.649999999999945,0.01,false,32,0.0,true,33,0.1
4.659999999999945,0.01,false,32,0.0,true,33,0.1
4.669999999999945,0.01,false,32,0.0,true,33,0.1
4.679999999999945,0.01,false,32,0.0,true,33,0.1
4.689999999999944,0.01,false,32,0.0,true,33,0.1
4.699999999999944,0.01,false,32,0.0,true,33,0.1
4.709999999999944,0.01,true,33,0.0,true,33,0.1
4.719999999999944,0.01,true,33,0.0,true,33,0.1
4.729999999999944,0.01,true,33,0.0,true,33,0.1
4.739999999999943,0.01,true,33,0.0,true,33,0.1
4.749999999999943,0.01,true,33,0.0,true,33,0.1
4.759999999999943,0.01,true,33,0.0,true,33,0.1
4.769999999999943,0.01,true,33,0.0,true,33,0.1
4.7799999999999425,0.01,true,33,0.0,true,33,0.1
4.789999999999942,0.01,true,33,0.0,true,33,0.1
4.799999999999942,0.01,true,33,0.0,true,33,0.1
4.809999999999942,0.01,true,33,0.0,false,34,0.1
4.819999999999942,0.01,true,33,0.0,false,34,0.1
4.8299999999999415,0.01,true,33,0.0,false,34,0.1
4.839999999999941,0.01,true,33,0.0,false,34,0.1
4.849999999999941,0.01,true,33,0.0,false,34,0.1
4.859999999999941,0.01,true,33,0.0,false,34,0.1
4.869999999999941,0.01,true,33,0.0,false,34,0.1
4.87999999999994,0.01,true,33,0.0,false,34,0.1
4.88999999999994,0.01,true,33,0.0,false,34,0.1
4.89999999999994,0.01,true,33,0.0,false,34,0.1
4.90999999999994,0.01,false,34,0.0,false,34,0.1
4.9199999999999395,0.01,false,34,0.0,false,34,0.1
4.929999999999939,0.01,false,34,0.0,false,34,0.1
4.939999999999939,0.01,false,34,0.0,false,34,0.1
4.949999999999939,0.01,false,34,0.0,false,34,0.1
4.959999999999939,0.01,false,34,0.0,false,34,0.1
4.9699999999999385,0.01,false,34,0.0,false,34,0.1
4.979999999999938,0.01,false,34,0.0,false,34,0.1
4.989999999999938,0.01,false,34,0.0,false,34,0.1
4.999999999999938,0.01,false,34,0.0,false,34,0.1
5.009999999999938,0.01,false,34,0.0,true,35,0.1
5.019999999999937,0.01,false,34,0.0,true,35,0.1
5.029999999999937,0.01,false,34,0.0,true,35,0.1
5.039999999999937,0.01,false,34,0.0,true,35,0.1
5.049999999999937,0.01,false,34,0.0,true,35,0.1
5.0599999999999365,0.01,false,34,0.0,true,35,0.1
5.069999999999936,0.01,false,34,0.0,true,35,0.1
5.079999999999936,0.01,false,34,0.0,true,35,0.1
5.089999999999936,0.01,false,34,0.0,true,35,0.1
5.099999999999936,0.01,false,34,0.0,true,35,0.1
5.1099999999999355,0.01,true,35,0.0,true,35,0.1
5.119999999999935,0.01,true,35,0.0,true,35,0.1
5.129999999999935,0.01,true,35,0.0,true,35,0.1
5.139999999999935,0.01,true,35,0.0,true,35,0.1
5.149999999999935,0.01,true,35,0.0,true,35,0.1
5.159999999999934,0.01,true,35,0.0,true,35,0.1
5.169999999999934,0.01,true,35,0.0,true,35,0.1
5.179999999999934,0.01,true,35,0.0,true,35,0.1
5.189999999999934,0.01,true,35,0.0,true,35,0.1
5.199999999999934,0.01,true,35,0.0,true,35,0.1
5.209999999999933,0.01,true,35,0.0,false,36,0.1
5.219999999999933,0.01,true,35,0.0,false,36,0.1
5.229999999999933,0.01,true,35,0.0,false,36,0.1
5.239999999999933,0.01,true,35,0.0,false,36,0.1
5.2499999999999325,0.01,true,35,0.0,false,36,0.1
5.259999999999932,0.01,true,35,0.0,false,36,0.1
5.269999999999932,0.01,true,35,0.0,false,36,0.1
5.279999999999932,0.01,true,35,0.0,false,36,0.1
5.289999999999932,0.01,true,35,0.0,false,36,0.1
5.299999999999931,0.01,true,35,0.0,false,36,0.1
5.309999999999931,0.01,false,36,0.0,false,36,0.1
5.319999999999931,0.01,false,36,0.0,false,36,0.1
5.329999999999931,0.01,false,36,0.0,false,36,0.1
5.339999999999931,0.01,false,36,0.0,false,36,0.1
5.34999999999993,0.01,false,36,0.0,false,36,0.1
5.35999999999993,0.01,false,36,0.0,false,36,0.1
5.36999999999993,0.01,false,36,0.0,false,36,0.1
5.37999999999993,0.01,false,36,0.0,false,36,0.1
5.3899999999999295,0.01,false,36,0.0,false,36,0.1
5.399999999999929,0.01,false,36,0.0,false,36,0.1
5.409999999999929,0.01,false,36,0.0,true,37,0.1
5.419999999999929,0.01,false,36,0.0,true,37,0.1
5.429999999999929,0.01,false,36,0.0,true,37,0.1
5.4399999999999284,0.01,false,36,0.0,true,37,0.1
5.449999999999928,0.01,false,36,0.0,true,37,0.1
5.459999999999928,0.01,false,36,0.0,true,37,0.1
5.469999999999928,0.01,false,36,0.0,true,37,0.1
5.479999999999928,0.01,false,36,0.0,true,37,0.1
5.489999999999927,0.01,false,36,0.0,true,37,0.1
5.499999999999927,0.01,false,36,0.0,true,37,0.1
5.509999999999927,0.01,true,37,0.0,true,37,0.1
5.519999999999927,0.01,true,37,0.0,true,37,0.1
5.5299999999999265,0.01,true,37,0.0,true,37,0.1
5.539999999999926,0.01,true,37,0.0,true,37,0.1
5.549999999999926,0.01,true,37,0.0,true,37,0.1
5.559999999999926,0.01,true,37,0.0,true,37,0.1
5.569999999999926,0.01,true,37,0.0,true,37,0.1
5.5799999999999255,0.01,true,37,0.0,true,37,0.1
5.589999999999925,0.01,true,37,0.0,true,37,0.1
5.599999999999925,0.01,true,37,0.0,true,37,0.1
5.609999999999925,0.01,true,37,0.0,false,38,0.1
5.619999999999925,0.01,true,37,0.0,false,38,0.1
5.629999999999924,0.01,true,37,0.0,false,38,0.1
5.639999999999924,0.01,true,37,0.0,false,38,0.1
5.649999999999924,0.01,true,37,0.0,false,38,0.1
5.659999999999924,0.01,true,37,0.0,false,38,0.1
5.6699999999999235,0.01,true,37,0.0,false,38,0.1
5.679999999999923,0.01,true,37,0.0,false,38,0.1
5.689999999999923,0.01,true,37,0.0,false,38,0.1
5.699999999999923,0.01,true,37,0.0,false,38,0.1
5.709999999999923,0.01,false,38,0.0,false,38,0.1
5.7199999999999225,0.01,false,38,0.0,false,38,0.1
5.729999999999922,0.01,false,38,0.0,false,38,0.1
5.739999999999922,0.01,false,38,0.0,false,38,0.1
5.749999999999922,0.01,false,38,0.0,false,38,0.1
5.759999999999922,0.01,false,38,0.0,false,38,0.1
5.769999999999921,0.01,false,38,0.0,false,38,0.1
5.779999999999921,0.01,false,38,0.0,false,38,0.1
5.789999999999921,0.01,false,38,0.0,false,38,0.1
5.799999999999921,0.01,false,38,0.0,false,38,0.1
5.809999999999921,0.01,false,38,0.0,true,39,0.1
5.81999999999992,0.01,false,38,0.0,true,39,0.1
5.82999999999992,0.01,false,38,0.0,true,39,0.1
5.83999999999992,0.01,false,38,0.0,true,39,0.1
5.84999999999992,0.01,false,38,0.0,true,39,0.1
5.8599999999999195,0.01,false,38,0.0,true,39,0.1
5.869999999999919,0.01,false,38,0.0,true,39,0.1
5.879999999999919,0.01,false,38,0.0,true,39,0.1
5.889999999999919,0.01,false,38,0.0,true,39,0.1
5.899999999999919,0.01,false,38,0.0,true,39,0.1
5.909999999999918,0.01,true,39,0.0,true,39,0.1
5.919999999999918,0.01,true,39,0.0,true,39,0.1
5.929999999999918,0.01,true,39,0.0,true,39,0.1
5.939999999999918,0.01,true,39,0.0,true,39,0.1
5.949999999999918,0.01,true,39,0.0,true,39,0.1
5.959999999999917,0.01,true,39,0.0,true,39,0.1
5.969999999999917,0.01,true,39,0.0,true,39,0.1
5.979999999999917,0.01,true,39,0.0,true,39,0.1
5.989999999999917,0.01,true,39,0.0,true,39,0.1
5.9999999999999165,0.01,true,39,0.0,true,39,0.1
6.009999999999916,0.01,true,39,0.0,false,40,0.1
6.019999999999916,0.01,true,39,0.0,false,40,0.1
6.029999999999916,0.01,true,39,0.0,false,40,0.1
6.039999999999916,0.01,true,39,0.0,false,40,0.1
6.0499999999999154,0.01,true,39,0.0,false,40,0.1
6.059999999999915,0.01,true,39,0.0,false,40,0.1
6.069999999999915,0.01,true,39,0.0,false,40,0.1
6.079999999999915,0.01,true,39,0.0,false,40,0.1
6.089999999999915,0.01,true,39,0.0,false,40,0.1
6.099999999999914,0.01,true,39,0.0,false,40,0.1
6.109999999999914,0.01,false,40,0.0,false,40,0.1
6.119999999999914,0.01,false,40,0.0,false,40,0.1
6.129999999999914,0.01,false,40,0.0,false,40,0.1
6.1399999999999135,0.01,false,40,0.0,false,40,0.1
6.149999999999913,0.01,false,40,0.0,false,40,0.1
6.159999999999913,0.01,false,40,0.0,false,40,0.1
6.169999999999913,0.01,false,40,0.0,false,40,0.1
6.179999999999913,0.01,false,40,0.0,false,40,0.1
6.1899999999999125,0.01,false,40,0.0,false,40,0.1
6.199999999999912,0.01,false,40,0.0,false,40,0.1
6.209999999999912,0.01,false,40,0.0,true,41,0.1
6.219999999999912,0.01,false,40,0.0,true,41,0.1
6.229999999999912,0.01,false,40,0.0,true,41,0.1
6.239999999999911,0.01,false,40,0.0,true,41,0.1
6.249999999999911,0.01,false,40,0.0,true,41,0.1
6.259999999999911,0.01,false,40,0.0,true,41,0.1
6.269999999999911,0.01,false,40,0.0,true,41,0.1
6.2799999999999105,0.01,false,40,0.0,true,41,0.1
6.28999999999991,0.01,false,40,0.0,true,41,0.1
6.29999999999991,0.01,false,40,0.0,true,41,0.1
6.30999999999991,0.01,true,41,0.0,true,41,0.1
6.31999999999991,0.01,true,41,0.0,true,41,0.1
6.3299999999999095,0.01,true,41,0.0,true,41,0.1
6.339999999999909,0.01,true,41,0.0,true,41,0.1
6.349999999999909,0.01,true,41,0.0,true,41,0.1
6.359999999999909,0.01,true,41,0.0,true,41,0.1
6.369999999999909,0.01,true,41,0.0,true,41,0.1
6.379999999999908,0.01,true,41,0.0,true,41,0.1
6.389999999999908,0.01,true,41,0.0,true,41,0.1
6.399999999999908,0.01,true,41,0.0,true,41,0.1
6.409999999999908,0.01,true,41,0.0,false,42,0.1
6.419999999999908,0.01,true,41,0.0,false,42,0.1
6.429999999999907,0.01,true,41,0.0,false,42,0.1
6.439999999999907,0.01,true,41,0.0,false,42,0.1
6.449999999999907,0.01,true,41,0.0,false,42,0.1
6.459999999999907,0.01,true,41,0.0,false,42,0.1
6.4699999999999065,0.01,true,41,0.0,false,42,0.1
6.479999999999906,0.01,true,41,0.0,false,42,0.1
6.489999999999906,0.01,true,41,0.0,false,42,0.1
6.499999999999906,0.01,true,41,0.0,false,42,0.1
6.509999999999906,0.01,false,42,0.0,false,42,0.1
6.519999999999905,0.01,false,42,0.0,false,42,0.1
6.529999999999905,0.01,false,42,0.0,false,42,0.1
6.539999999999905,0.01,false,42,0.0,false,42,0.1
6.549999999999905,0.01,false,42,0.0,false,42,0.1
6.559999999999905,0.01,false,42,0.0,false,42,0.1
6.569999999999904,0.01,false,42,0.0,false,42,0.1
6.579999999999904,0.01,false,42,0.0,false,42,0.1
6.589999999999904,0.01,false,42,0.0,false,42,0.1
6.599999999999904,0.01,false,42,0.0,false,42,0.1
6.6099999999999035,0.01,false,42,0.0,true,43,0.1
6.619999999999903,0.01,false,42,0.0,true,43,0.1
6.629999999999903,0.01,false,42,0.0,true,43,0.1
6.639999999999903,0.01,false,42,0.0,true,43,0.1
6.649999999999903,0.01,false,42,0.0,true,43,0.1
6.659999999999902,0.01,false,42,0.0,true,43,0.1
6.669999999999902,0.01,false,42,0.0,true,43,0.1
6.679999999999902,0.01,false,42,0.0,true,43,0.1
6.689999999999902,0.01,false,42,0.0,true,43,0.1
6.699999999999902,0.01,false,42,0.0,true,43,0.1
6.709999999999901,0.01,true,43,0.0,true,43,0.1
6.719999999999901,0.01,true,43,0.0,true,43,0.1
6.729999999999901,0.01,true,43,0.0,true,43,0.1
6.739999999999901,0.01,true,43,0.0,true,43,0.1
6.7499999999999005,0.01,true,43,0.0,true,43,0.1
6.7599999999999,0.01,true,43,0.0,true,43,0.1
6.7699999999999,0.01,true,43,0.0,true,43,0.1
6.7799999999999,0.01,true,43,0.0,true,43,0.1
6.7899999999999,0.01,true,43,0.0,true,43,0.1
6.7999999999998995,0.01,true,43,0.0,true,43,0.1
6.809999999999899,0.01,true,43,0.0,false,44,0.1
6.819999999999899,0.01,true,43,0.0,false,44,0.1
6.829999999999899,0.01,true,43,0.0,false,44,0.1
6.839999999999899,0.01,true,43,0.0,false,44,0.1
6.849999999999898,0.01,true,43,0.0,false,44,0.1
6.859999999999898,0.01,true,43,0.0,false,44,0.1
6.869999999999898,0.01,true,43,0.0,false,44,0.1
6.879999999999898,0.01,true,43,0.0,false,44,0.1
6.8899999999998975,0.01,true,43,0.0,false,44,0.1
6.899999999999897,0.01,true,43,0.0,false,44,0.1
6.909999999999897,0.01,false,44,0.0,false,44,0.1
6.919999999999897,0.01,false,44,0.0,false,44,0.1
6.929999999999897,0.01,false,44,0.0,false,44,0.1
6.9399999999998965,0.01,false,44,0.0,false,44,0.1
6.949999999999896,0.01,false,44,0.0,false,44,0.1
6.959999999999896,0.01,false,44,0.0,false,44,0.1
6.969999999999896,0.01,false,44,0.0,false,44,0.1
6.979999999999896,0.01,false,44,0.0,false,44,0.1
6.989999999999895,0.01,false,44,0.0,false,44,0.1
6.999999999999895,0.01,false,44,0.0,false,44,0.1
7.009999999999895,0.01,false,44,0.0,true,45,0.1
7.019999999999895,0.01,false,44,0.0,true,45,0.1
7.0299999999998946,0.01,false,44,0.0,true,45,0.1
7.039999999999894,0.01,false,44,0.0,true,45,0.1
7.049999999999894,0.01,false,44,0.0,true,45,0.1
7.059999999999894,0.01,false,44,0.0,true,45,0.1
7.069999999999894,0.01,false,44,0.0,true,45,0.1
7.0799999999998935,0.01,false,44,0.0,true,45,0.1
7.089999999999893,0.01,false,44,0.0,true,45,0.1
7.099999999999893,0.01,false,44,0.0,true,45,0.1
7.109999999999893,0.01,true,45,0.0,true,45,0.1
7.119999999999893,0.01,true,45,0.0,true,45,0.1
7.129999999999892,0.01,true,45,0.0,true,45,0.1
7.139999999999892,0.01,true,45,0.0,true,45,0.1
7.149999999999892,0.01,true,45,0.0,true,45,0.1
7.159999999999892,0.01,true,45,0.0,true,45,0.1
7.169999999999892,0.01,true,45,0.0,true,45,0.1
7.179999999999891,0.01,true,45,0.0,true,45,0.1
7.189999999999891,0.01,true,45,0.0,true,45,0.1
7.199999999999891,0.01,true,45,0.0,true,45,0.1
7.209999999999891,0.01,true,45,0.0,false,46,0.1
7.2199999999998905,0.01,true,45,0.0,false,46,0.1
7.22999999999989,0.01,true,45,0.0,false,46,0.1
7.23999999999989,0.01,true,45,0.0,false,46,0.1
7.24999999999989,0.01,true,45,0.0,false,46,0.1
7.25999999999989,0.01,true,45,0.0,false,46,0.1
7.269999999999889,0.01,true,45,0.0,false,46,0.1
7.279999999999889,0.01,true,45,0.0,false,46,0.1
7.289999999999889,0.01,true,45,0.0,false,46,0.1
7.299999999999889,0.01,true,45,0.0,false,46,0.1
7.309999999999889,0.01,false,46,0.0,false,46,0.1
7.319999999999888,0.01,false,46,0.0,false,46,0.1
7.329999999999888,0.01,false,46,0.0,false,46,0.1
7.339999999999888,0.01,false,46,0.0,false,46,0.1
7.349999999999888,0.01,false,46,0.0,false,46,0.1
7.3599999999998875,0.01,false,46,0.0,false,46,0.1
7.369999999999887,0.01,false,46,0.0,false,46,0.1
7.379999999999887,0.01,false,46,0.0,false,46,0.1
7.389999999999887,0.01,false,46,0.0,false,46,0.1
7.399999999999887,0.01,false,46,0.0,false,46,0.1
7.4099999999998865,0.01,false,46,0.0,true,47,0.1
7.419999999999886,0.01,false,46,0.0,true,47,0.1
7.429999999999886,0.01,false,46,0.0,true,47,0.1
7.439999999999886,0.01,false,46,0.0,true,47,0.1
7.449999999999886,0.01,false,46,0.0,true,47,0.1
7.459999999999885,0.01,false,46,0.0,true,47,0.1
7.469999999999885,0.01,false,46,0.0,true,47,0.1
7.479999999999885,0.01,false,46,0.0,true,47,0.1
7.489999999999885,0.01,false,46,0.0,true,47,0.1
7.4999999999998845,0.01,false,46,0.0,true,47,0.1
7.509999999999884,0.01,true,47,0.0,true,47,0.1
7.519999999999884,0.01,true,47,0.0,true,47,0.1
7.529999999999884,0.01,true,47,0.0,true,47,0.1
7.539999999999884,0.01,true,47,0.0,true,47,0.1
7.5499999999998835,0.01,true,47,0.0,true,47,0.1
7.559999999999883,0.01,true,47,0.0,true,47,0.1
7.569999999999883,0.01,true,47,0.0,true,47,0.1
7.579999999999883,0.01,true,47,0.0,true,47,0.1
7.589999999999883,0.01,true,47,0.0,true,47,0.1
7.599999999999882,0.01,true,47,0.0,true,47,0.1
7.609999999999882,0.01,true,47,0.0,false,48,0.1
7.619999999999882,0.01,true,47,0.0,false,48,0.1
7.629999999999882,0.01,true,47,0.0,false,48,0.1
7.6399999999998816,0.01,true,47,0.0,false,48,0.1
7.649999999999881,0.01,true,47,0.0,false,48,0.1
7.659999999999881,0.01,true,47,0.0,false,48,0.1
7.669999999999881,0.01,true,47,0.0,false,48,0.1
7.679999999999881,0.01,true,47,0.0,false,48,0.1
7.6899999999998805,0.01,true,47,0.0,false,48,0.1
7.69999999999988,0.01,true,47,0.0,false,48,0.1
7.70999999999988,0.01,false,48,0.0,false,48,0.1
7.71999999999988,0.01,false,48,0.0,false,48,0.1
7.72999999999988,0.01,false,48,0.0,false,48,0.1
7.739999999999879,0.01,false,48,0.0,false,48,0.1
7.749999999999879,0.01,false,48,0.0,false,48,0.1
7.759999999999879,0.01,false,48,0.0,false,48,0.1
7.769999999999879,0.01,false,48,0.0,false,48,0.1
7.779999999999879,0.01,false,48,0.0,false,48,0.1
7.789999999999878,0.01,false,48,0.0,false,48,0.1
7.799999999999878,0.01,false,48,0.0,false,48,0.1
7.809999999999878,0.01,false,48,0.0,true,49,0.1
7.819999999999878,0.01,false,48,0.0,true,49,0.1
7.8299999999998775,0.01,false,48,0.0,true,49,0.1
7.839999999999877,0.01,false,48,0.0,true,49,0.1
7.849999999999877,0.01,false,48,0.0,true,49,0.1
7.859999999999877,0.01,false,48,0.0,true,49,0.1
7.869999999999877,0.01,false,48,0.0,true,49,0.1
7.879999999999876,0.01,false,48,0.0,true,49,0.1
7.889999999999876,0.01,false,48,0.0,true,49,0.1
7.899999999999876,0.01,false,48,0.0,true,49,0.1
7.909999999999876,0.01,true,49,0.0,true,49,0.1
7.919999999999876,0.01,true,49,0.0,true,49,0.1
7.929999999999875,0.01,true,49,0.0,true,49,0.1
7.939999999999875,0.01,true,49,0.0,true,49,0.1
7.949999999999875,0.01,true,49,0.0,true,49,0.1
7.959999999999875,0.01,true,49,0.0,true,49,0.1
7.9699999999998745,0.01,true,49,0.0,true,49,0.1
7.979999999999874,0.01,true,49,0.0,true,49,0.1
7.989999999999874,0.01,true,49,0.0,true,49,0.1
7.999999999999874,0.01,true,49,0.0,true,49,0.1
8.009999999999874,0.01,true,49,0.0,false,50,0.1
8.019999999999873,0.01,true,49,0.0,false,50,0.1
8.029999999999873,0.01,true,49,0.0,false,50,0.1
8.039999999999873,0.01,true,49,0.0,false,50,0.1
8.049999999999873,0.01,true,49,0.0,false,50,0.1
8.059999999999873,0.01,true,49,0.0,false,50,0.1
8.069999999999872,0.01,true,49,0.0,false,50,0.1
8.079999999999872,0.01,true,49,0.0,false,50,0.1
8.089999999999872,0.01,true,49,0.0,false,50,0.1
8.099999999999872,0.01,true,49,0.0,false,50,0.1
8.109999999999872,0.01,false,50,0.0,false,50,0.1
8.119999999999871,0.01,false,50,0.0,false,50,0.1
8.129999999999871,0.01,false,50,0.0,false,50,0.1
8.139999999999871,0.01,false,50,0.0,false,50,0.1
8.14999999999987,0.01,false,50,0.0,false,50,0.1
8.15999999999987,0.01,false,50,0.0,false,50,0.1
8.16999999999987,0.01,false,50,0.0,false,50,0.1
8.17999999999987,0.01,false,50,0.0,false,50,0.1
8.18999999999987,0.01,false,50,0.0,false,50,0.1
8.19999999999987,0.01,false,50,0.0,false,50,0.1
8.20999999999987,0.01,false,50,0.0,true,51,0.1
8.21999999999987,0.01,false,50,0.0,true,51,0.1
8.229999999999869,0.01,false,50,0.0,true,51,0.1
8.239999999999869,0.01,false,50,0.0,true,51,0.1
8.249999999999869,0.01,false,50,0.0,true,51,0.1
8.259999999999868,0.01,false,50,0.0,true,51,0.1
8.269999999999868,0.01,false,50,0.0,true,51,0.1
8.279999999999868,0.01,false,50,0.0,true,51,0.1
8.289999999999868,0.01,false,50,0.0,true,51,0.1
8.299999999999867,0.01,false,50,0.0,true,51,0.1
8.309999999999867,0.01,true,51,0.0,true,51,0.1
8.319999999999867,0.01,true,51,0.0,true,51,0.1
8.329999999999867,0.01,true,51,0.0,true,51,0.1
8.339999999999867,0.01,true,51,0.0,true,51,0.1
8.349999999999866,0.01,true,51,0.0,true,51,0.1
8.359999999999866,0.01,true,51,0.0,true,51,0.1
8.369999999999866,0.01,true,51,0.0,true,51,0.1
8.379999999999866,0.01,true,51,0.0,true,51,0.1
8.389999999999866,0.01,true,51,0.0,true,51,0.1
8.399999999999865,0.01,true,51,0.0,true,51,0.1
8.409999999999865,0.01,true,51,0.0,false,52,0.1
8.419999999999865,0.01,true,51,0.0,false,52,0.1
8.429999999999865,0.01,true,51,0.0,false,52,0.1
8.439999999999864,0.01,true,51,0.0,false,52,0.1
8.449999999999864,0.01,true,51,0.0,false,52,0.1
8.459999999999864,0.01,true,51,0.0,false,52,0.1
8.469999999999864,0.01,true,51,0.0,false,52,0.1
8.479999999999864,0.01,true,51,0.0,false,52,0.1
8.489999999999863,0.01,true,51,0.0,false,52,0.1
8.499999999999863,0.01,true,51,0.0,false,52,0.1
8.509999999999863,0.01,false,52,0.0,false,52,0.1
8.519999999999863,0.01,false,52,0.0,false,52,0.1
8.529999999999863,0.01,false,52,0.0,false,52,0.1
8.539999999999862,0.01,false,52,0.0,false,52,0.1
8.549999999999862,0.01,false,52,0.0,false,52,0.1
8.559999999999862,0.01,false,52,0.0,false,52,0.1
8.569999999999862,0.01,false,52,0.0,false,52,0.1
8.579999999999862,0.01,false,52,0.0,false,52,0.1
8.589999999999861,0.01,false,52,0.0,false,52,0.1
8.599999999999861,0.01,false,52,0.0,false,52,0.1
8.60999999999986,0.01,false,52,0.0,true,53,0.1
8.61999999999986,0.01,false,52,0.0,true,53,0.1
8.62999999999986,0.01,false,52,0.0,true,53,0.1
8.63999999999986,0.01,false,52,0.0,true,53,0.1
8.64999999999986,0.01,false,52,0.0,true,53,0.1
8.65999999999986,0.01,false,52,0.0,true,53,0.1
8.66999999999986,0.01,false,52,0.0,true,53,0.1
8.67999999999986,0.01,false,52,0.0,true,53,0.1
8.68999999999986,0.01,false,52,0.0,true,53,0.1
8.699999999999859,0.01,false,52,0.0,true,53,0.1
8.709999999999859,0.01,true,53,0.0,true,53,0.1
8.719999999999859,0.01,true,53,0.0,true,53,0.1
8.729999999999858,0.01,true,53,0.0,true,53,0.1
8.739999999999858,0.01,true,53,0.0,true,53,0.1
8.749999999999858,0.01,true,53,0.0,true,53,0.1
8.759999999999858,0.01,true,53,0.0,true,53,0.1
8.769999999999857,0.01,true,53,0.0,true,53,0.1
8.779999999999857,0.01,true,53,0.0,true,53,0.1
8.789999999999857,0.01,true,53,0.0,true,53,0.1
8.799999999999857,0.01,true,53,0.0,true,53,0.1
8.809999999999857,0.01,true,53,0.0,false,54,0.1
8.819999999999856,0.01,true,53,0.0,false,54,0.1
8.829999999999856,0.01,true,53,0.0,false,54,0.1
8.839999999999856,0.01,true,53,0.0,false,54,0.1
8.849999999999856,0.01,true,53,0.0,false,54,0.1
8.859999999999856,0.01,true,53,0.0,false,54,0.1
8.869999999999855,0.01,true,53,0.0,false,54,0.1
8.879999999999855,0.01,true,53,0.0,false,54,0.1
8.889999999999855,0.01,true,53,0.0,false,54,0.1
8.899999999999855,0.01,true,53,0.0,false,54,0.1
8.909999999999854,0.01,false,54,0.0,false,54,0.1
8.919999999999854,0.01,false,54,0.0,false,54,0.1
8.929999999999854,0.01,false,54,0.0,false,54,0.1
8.939999999999854,0.01,false,54,0.0,false,54,0.1
8.949999999999854,0.01,false,54,0.0,false,54,0.1
8.959999999999853,0.01,false,54,0.0,false,54,0.1
8.969999999999853,0.01,false,54,0.0,false,54,0.1
8.979999999999853,0.01,false,54,0.0,false,54,0.1
8.989999999999853,0.01,false,54,0.0,false,54,0.1
8.999999999999853,0.01,false,54,0.0,false,54,0.1
9.009999999999852,0.01,false,54,0.0,true,55,0.1
9.019999999999852,0.01,false,54,0.0,true,55,0.1
9.029999999999852,0.01,false,54,0.0,true,55,0.1
9.039999999999852,0.01,false,54,0.0,true,55,0.1
9.049999999999851,0.01,false,54,0.0,true,55,0.1
9.059999999999851,0.01,false,54,0.0,true,55,0.1
9.069999999999851,0.01,false,54,0.0,true,55,0.1
9.07999999999985,0.01,false,54,0.0,true,55,0.1
9.08999999999985,0.01,false,54,0.0,true,55,0.1
9.09999999999985,0.01,false,54,0.0,true,55,0.1
9.10999999999985,0.01,true,55,0.0,true,55,0.1
9.11999999999985,0.01,true,55,0.0,true,55,0.1
9.12999999999985,0.01,true,55,0.0,true,55,0.1
9.13999999999985,0.01,true,55,0.0,true,55,0.1
9.14999999999985,0.01,true,55,0.0,true,55,0.1
9.15999999999985,0.01,true,55,0.0,true,55,0.1
9.169999999999849,0.01,true,55,0.0,true,55,0.1
9.179999999999849,0.01,true,55,0.0,true,55,0.1
9.189999999999849,0.01,true,55,0.0,true,55,0.1
9.199999999999848,0.01,true,55,0.0,true,55,0.1
9.209999999999848,0.01,true,55,0.0,false,56,0.1
9.219999999999848,0.01,true,55,0.0,false,56,0.1
9.229999999999848,0.01,true,55,0.0,false,56,0.1
9.239999999999847,0.01,true,55,0.0,false,56,0.1
9.249999999999847,0.01,true,55,0.0,false,56,0.1
9.259999999999847,0.01,true,55,0.0,false,56,0.1
9.269999999999847,0.01,true,55,0.0,false,56,0.1
9.279999999999847,0.01,true,55,0.0,false,56,0.1
9.289999999999846,0.01,true,55,0.0,false,56,0.1
9.299999999999846,0.01,true,55,0.0,false,56,0.1
9.309999999999846,0.01,false,56,0.0,false,56,0.1
9.319999999999846,0.01,false,56,0.0,false,56,0.1
9.329999999999846,0.01,false,56,0.0,false,56,0.1
9.339999999999845,0.01,false,56,0.0,false,56,0.1
9.349999999999845,0.01,false,56,0.0,false,56,0.1
9.359999999999845,0.01,false,56,0.0,false,56,0.1
9.369999999999845,0.01,false,56,0.0,false,56,0.1
9.379999999999844,0.01,false,56,0.0,false,56,0.1
9.389999999999844,0.01,false,56,0.0,false,56,0.1
9.399999999999844,0.01,false,56,0.0,false,56,0.1
9.409999999999844,0.01,false,56,0.0,true,57,0.1
9.419999999999844,0.01,false,56,0.0,true,57,0.1
9.429999999999843,0.01,false,56,0.0,true,57,0.1
9.439999999999843,0.01,false,56,0.0,true,57,0.1
9.449999999999843,0.01,false,56,0.0,true,57,0.1
9.459999999999843,0.01,false,56,0.0,true,57,0.1
9.469999999999843,0.01,false,56,0.0,true,57,0.1
9.479999999999842,0.01,false,56,0.0,true,57,0.1
9.489999999999842,0.01,false,56,0.0,true,57,0.1
9.499999999999842,0.01,false,56,0.0,true,57,0.1
9.509999999999842,0.01,true,57,0.0,true,57,0.1
9.519999999999841,0.01,true,57,0.0,true,57,0.1
9.529999999999841,0.01,true,57,0.0,true,57,0.1
9.539999999999841,0.01,true,57,0.0,true,57,0.1
9.54999999999984,0.01,true,57,0.0,true,57,0.1
9.55999999999984,0.01,true,57,0.0,true,57,0.1
9.56999999999984,0.01,true,57,0.0,true,57,0.1
9.57999999999984,0.01,true,57,0.0,true,57,0.1
9.58999999999984,0.01,true,57,0.0,true,57,0.1
9.59999999999984,0.01,true,57,0.0,true,57,0.1
9.60999999999984,0.01,true,57,0.0,false,58,0.1
9.61999999999984,0.01,true,57,0.0,false,58,0.1
9.62999999999984,0.01,true,57,0.0,false,58,0.1
9.639999999999839,0.01,true,57,0.0,false,58,0.1
9.649999999999839,0.01,true,57,0.0,false,58,0.1
9.659999999999838,0.01,true,57,0.0,false,58,0.1
9.669999999999838,0.01,true,57,0.0,false,58,0.1
9.679999999999838,0.01,true,57,0.0,false,58,0.1
9.689999999999838,0.01,true,57,0.0,false,58,0.1
9.699999999999838,0.01,true,57,0.0,false,58,0.1
9.709999999999837,0.01,false,58,0.0,false,58,0.1
9.719999999999837,0.01,false,58,0.0,false,58,0.1
9.729999999999837,0.01,false,58,0.0,false,58,0.1
9.739999999999837,0.01,false,58,0.0,false,58,0.1
9.749999999999837,0.01,false,58,0.0,false,58,0.1
9.759999999999836,0.01,false,58,0.0,false,58,0.1
9.769999999999836,0.01,false,58,0.0,false,58,0.1
9.779999999999836,0.01,false,58,0.0,false,58,0.1
9.789999999999836,0.01,false,58,0.0,false,58,0.1
9.799999999999836,0.01,false,58,0.0,false,58,0.1
9.809999999999835,0.01,false,58,0.0,true,59,0.1
9.819999999999835,0.01,false,58,0.0,true,59,0.1
9.829999999999835,0.01,false,58,0.0,true,59,0.1
9.839999999999835,0.01,false,58,0.0,true,59,0.1
9.849999999999834,0.01,false,58,0.0,true,59,0.1
9.859999999999834,0.01,false,58,0.0,true,59,0.1
9.869999999999834,0.01,false,58,0.0,true,59,0.1
9.879999999999834,0.01,false,58,0.0,true,59,0.1
9.889999999999834,0.01,false,58,0.0,true,59,0.1
9.899999999999833,0.01,false,58,0.0,true,59,0.1
9.909999999999833,0.01,true,59,0.0,true,59,0.1
9.919999999999833,0.01,true,59,0.0,true,59,0.1
9.929999999999833,0.01,true,59,0.0,true,59,0.1
9.939999999999833,0.01,true,59,0.0,true,59,0.1
9.949999999999832,0.01,true,59,0.0,true,59,0.1
9.959999999999832,0.01,true,59,0.0,true,59,0.1
9.969999999999832,0.01,true,59,0.0,true,59,0.1
9.979999999999832,0.01,true,59,0.0,true,59,0.1
9.989999999999831,0.01,true,59,0.0,true,59,0.1
9.999999999999831,0.01,true,59,0.0,true,59,0.1
