{"fmus":{"{FMU-Dummy}":"file:////Users/isme/Git/socis-2017/stage-1/dummy-plant/FMUs/DummyFmu.fmu","{FMU-Plant}":"file:////Users/isme/Git/socis-2017/stage-1/dummy-plant/FMUs/PlantFmu.fmu"},"connections":{"{FMU-Dummy}.FMU-DummyInstance.cbp":["{FMU-Plant}.FMU-PlantInstance.mbp"],"{FMU-Dummy}.FMU-DummyInstance.cip":["{FMU-Plant}.FMU-PlantInstance.mip"],"{FMU-Dummy}.FMU-DummyInstance.crp":["{FMU-Plant}.FMU-PlantInstance.mrp"],"{FMU-Plant}.FMU-PlantInstance.cbp":["{FMU-Dummy}.FMU-DummyInstance.mbp"],"{FMU-Plant}.FMU-PlantInstance.cip":["{FMU-Dummy}.FMU-DummyInstance.mip"],"{FMU-Plant}.FMU-PlantInstance.crp":["{FMU-Dummy}.FMU-DummyInstance.mrp"]},"parameters":{},"livestream":{"{FMU-Dummy}.FMU-DummyInstance":["cbp","cip","crp"],"{FMU-Plant}.FMU-PlantInstance":["cip","cbp","crp"]},"visible":true,"loggingOn":true,"algorithm":{"type":"fixed-step","size":0.1},"multimodel_crc":"687bea70017a54b20130dc8709c1028a","parallelSimulation":false,"stabalizationEnabled":false,"global_absolute_tolerance":0,"global_relative_tolerance":0.01,"simulationProgramDelay":false}